                  epoch,         train/box_loss,         train/seg_loss,         train/cls_loss,         train/dfl_loss,   metrics/precision(B),      metrics/recall(B),       metrics/mAP50(B),    metrics/mAP50-95(B),   metrics/precision(M),      metrics/recall(M),       metrics/mAP50(M),    metrics/mAP50-95(M),           val/box_loss,           val/seg_loss,           val/cls_loss,           val/dfl_loss,                 lr/pg0,                 lr/pg1,                 lr/pg2
                      1,                  2.229,                 2.8209,                 3.0069,                 1.0994,                0.13619,                0.49826,                0.12743,                0.04866,                0.14524,                0.53136,                0.19319,                0.07461,                 1.7322,                  1.924,                 3.4154,                0.93182,                0.00042,                0.00042,                0.00042
                      2,                 1.8627,                 2.1606,                 1.4352,                0.92438,                0.16905,                0.61847,                0.15766,                  0.072,                0.17857,                0.65331,                0.16158,                0.06688,                 1.5986,                 1.8322,                 3.3554,                 0.8905,             0.00085716,             0.00085716,             0.00085716
                      3,                   1.66,                 2.0476,                 1.0586,                0.92392,                0.14714,                0.53833,                0.13878,                0.06493,                0.15381,                0.56272,                0.14154,                 0.0608,                 1.5801,                 2.0356,                 3.2936,                0.89485,              0.0012914,              0.0012914,              0.0012914
                      4,                 1.7212,                 2.0941,                 1.0108,                0.93617,                0.10333,                0.37805,                0.09755,                0.03837,                0.11524,                 0.4216,                0.11652,                0.04498,                 1.7705,                 1.6871,                 3.3442,                0.92637,              0.0017228,              0.0017228,              0.0017228
                      5,                 1.7952,                 2.0742,                0.99278,                 0.9236,                0.17048,                0.62369,                0.30248,                0.17233,                0.17143,                0.62718,                0.32205,                0.14648,                 1.4924,                 1.9607,                  2.856,                0.90138,              0.0019736,              0.0019736,              0.0019736
                      6,                   1.72,                 2.0927,                0.95234,                0.92585,                0.23048,                0.84321,                0.69527,                0.35871,                0.21048,                0.77003,                0.60151,                0.23796,                 1.5657,                 1.9494,                 2.2025,                0.90537,               0.001967,               0.001967,               0.001967
                      7,                 1.5892,                 1.9401,                 0.9087,                0.91597,                0.90371,                0.45783,                0.77373,                0.43272,                 0.8631,                0.42836,                0.67444,                0.27348,                 1.4507,                 1.7866,                 1.6833,                0.88852,              0.0019604,              0.0019604,              0.0019604
                      8,                 1.6523,                 1.9823,                 0.8801,                0.90592,                0.82645,                0.83449,                0.88523,                0.48564,                  0.734,                 0.7211,                0.74983,                0.30442,                 1.4461,                 1.6736,                 1.1135,                 0.8874,              0.0019538,              0.0019538,              0.0019538
                      9,                 1.5329,                 1.8665,                0.84512,                0.90367,                0.86051,                0.81682,                0.88938,                0.50572,                0.73754,                0.70009,                0.76328,                0.33262,                 1.3893,                 1.4989,                0.82345,                0.88519,              0.0019472,              0.0019472,              0.0019472
                     10,                  1.517,                 1.8297,                0.81687,                0.89717,                0.84001,                0.85985,                0.90269,                0.53516,                 0.7446,                0.73519,                0.78396,                 0.3564,                 1.3277,                 1.4919,                0.76692,                0.87531,              0.0019406,              0.0019406,              0.0019406
                     11,                 1.5131,                 1.8519,                0.81083,                0.90027,                 0.8409,                0.86934,                0.90065,                0.50448,                0.74473,                0.70732,                0.75837,                0.32272,                 1.4125,                 1.5406,                0.76128,                0.88268,               0.001934,               0.001934,               0.001934
                     12,                 1.4778,                 1.7883,                 0.7913,                0.89502,                0.88516,                0.83275,                0.90127,                0.54098,                0.77831,                0.70732,                0.77127,                0.35301,                 1.2983,                 1.4817,                0.70227,                0.86838,              0.0019274,              0.0019274,              0.0019274
                     13,                 1.4947,                 1.8194,                0.77263,                0.89847,                0.87608,                0.82404,                 0.9001,                0.51223,                0.74505,                0.71429,                0.75545,                0.32221,                  1.385,                 1.6451,                0.71576,                0.88311,              0.0019208,              0.0019208,              0.0019208
                     14,                 1.5259,                 1.8228,                0.79559,                0.88689,                0.85116,                0.85889,                 0.9076,                0.53787,                0.79147,                0.72076,                 0.7928,                0.35053,                 1.3041,                 1.5134,                0.71742,                0.86906,              0.0019142,              0.0019142,              0.0019142
                     15,                 1.4578,                 1.7473,                0.77275,                0.88494,                0.87853,                0.85192,                0.91905,                0.54495,                0.78586,                0.72884,                0.80234,                0.34018,                 1.2731,                 1.3749,                0.67973,                0.86214,              0.0019076,              0.0019076,              0.0019076
                     16,                 1.4404,                 1.7144,                0.75367,                0.88858,                0.83313,                0.87851,                0.90595,                0.54313,                0.76978,                0.71951,                0.79257,                0.37022,                 1.2918,                  1.449,                 0.6886,                0.86187,               0.001901,               0.001901,               0.001901
                     17,                 1.4709,                   1.69,                0.76127,                0.89267,                0.87341,                0.85889,                0.90979,                0.52231,                0.81101,                0.78499,                 0.8233,                0.37256,                 1.3169,                 1.5171,                0.69451,                0.86818,              0.0018944,              0.0018944,              0.0018944
                     18,                 1.4109,                 1.7112,                 0.7387,                 0.8896,                0.87476,                0.82927,                0.91115,                0.54336,                0.73649,                0.68169,                 0.7558,                0.31716,                 1.3022,                 1.4194,                0.68374,                0.85907,              0.0018878,              0.0018878,              0.0018878
                     19,                 1.4081,                 1.6909,                0.73543,                0.87931,                0.83768,                0.85192,                0.91064,                0.54836,                0.77137,                0.72648,                0.79873,                0.37266,                 1.2658,                 1.5002,                0.69145,                0.85815,              0.0018812,              0.0018812,              0.0018812
                     20,                 1.3834,                 1.6777,                0.70862,                0.87443,                0.84136,                 0.8593,                0.91214,                0.54062,                 0.7167,                0.72997,                0.75025,                0.31086,                 1.2666,                 1.5385,                0.67423,                0.85965,              0.0018746,              0.0018746,              0.0018746
                     21,                 1.3633,                 1.6729,                0.69948,                0.87665,                0.86475,                0.81313,                0.90278,                0.51787,                 0.6981,                0.65663,                0.71893,                 0.2931,                 1.3428,                 1.6166,                0.67068,                0.87319,               0.001868,               0.001868,               0.001868
                     22,                 1.4095,                  1.722,                0.71787,                0.88277,                0.89501,                0.84495,                 0.9126,                0.54065,                0.82417,                0.77526,                0.83105,                0.37979,                 1.2574,                  1.401,                0.66838,                 0.8607,              0.0018614,              0.0018614,              0.0018614
                     23,                 1.4387,                 1.7861,                0.72915,                0.88215,                0.84604,                0.86162,                0.91232,                0.54363,                0.71594,                0.70695,                0.74667,                0.29817,                 1.2822,                 1.6826,                0.67677,                0.86395,              0.0018548,              0.0018548,              0.0018548
                     24,                 1.3796,                 1.7096,                0.70182,                0.87834,                0.88462,                0.84149,                0.92056,                0.55409,                0.72362,                0.72524,                0.75887,                0.32096,                 1.2612,                 1.5416,                0.64154,                0.86192,              0.0018482,              0.0018482,              0.0018482
                     25,                 1.3559,                 1.7245,                0.69531,                0.87502,                0.86121,                0.88153,                0.92137,                0.54322,                0.71772,                0.68659,                0.71795,                0.28452,                 1.2693,                 1.4129,                0.65163,                0.86102,              0.0018416,              0.0018416,              0.0018416
                     26,                   1.38,                 1.6816,                0.68958,                0.87314,                0.86724,                0.89373,                0.92919,                 0.5639,                0.78712,                0.79268,                0.82663,                0.36386,                 1.1874,                 1.3979,                0.63094,                0.85159,               0.001835,               0.001835,               0.001835
                     27,                 1.3453,                 1.6163,                0.68243,                0.87332,                0.82704,                0.89136,                0.92182,                0.55296,                0.76982,                0.68293,                0.76276,                0.30607,                 1.2631,                  1.353,                0.64105,                0.85803,              0.0018284,              0.0018284,              0.0018284
                     28,                 1.3705,                 1.6509,                0.68906,                 0.8783,                 0.8265,                 0.8676,                0.91349,                0.53394,                0.77918,                0.61498,                 0.7175,                0.27413,                 1.3107,                 1.4645,                0.65197,                0.86285,              0.0018218,              0.0018218,              0.0018218
                     29,                 1.3386,                 1.6339,                0.67881,                0.87569,                0.90125,                0.84669,                0.92154,                0.56999,                0.78146,                0.74758,                0.80957,                0.35194,                 1.1933,                  1.426,                0.63056,                0.85601,              0.0018152,              0.0018152,              0.0018152
                     30,                 1.3368,                 1.6036,                0.67834,                0.87042,                 0.8681,                0.88292,                 0.9166,                0.55685,                 0.7743,                0.73519,                0.74713,                0.32313,                 1.2142,                 1.4352,                0.63169,                0.85923,              0.0018086,              0.0018086,              0.0018086
                     31,                 1.3216,                 1.5862,                 0.6743,                0.87095,                0.86198,                0.85714,                0.91987,                  0.546,                0.74359,                0.73762,                0.77993,                0.32119,                 1.2706,                 1.4746,                0.63554,                0.85947,               0.001802,               0.001802,               0.001802
                     32,                 1.3548,                 1.6164,                0.68083,                0.87137,                0.85729,                0.84771,                0.91489,                0.52588,                0.69683,                0.71429,                0.73511,                0.29348,                   1.32,                 1.4324,                0.64183,                0.86324,              0.0017954,              0.0017954,              0.0017954
                     33,                 1.3397,                 1.5872,                0.66848,                0.86396,                0.89689,                0.85714,                0.92216,                0.57369,                0.81668,                0.78049,                0.84061,                0.38818,                 1.1797,                 1.3803,                0.62691,                0.85087,              0.0017888,              0.0017888,              0.0017888
                     34,                 1.3275,                 1.5915,                0.67287,                0.86312,                0.86149,                0.89547,                0.92284,                0.56899,                0.82967,                0.74564,                0.82862,                 0.3871,                 1.2007,                 1.3919,                 0.6123,                0.86166,              0.0017822,              0.0017822,              0.0017822
                     35,                 1.3079,                    1.6,                0.64802,                0.87074,                0.87601,                 0.8676,                0.93282,                0.56351,                0.78058,                0.72474,                0.77857,                0.29979,                 1.2537,                 1.4438,                0.62161,                0.85898,              0.0017756,              0.0017756,              0.0017756
                     36,                 1.3416,                 1.6261,                0.66588,                0.86768,                0.89836,                0.83275,                0.92581,                 0.5643,                0.75436,                0.70035,                 0.7678,                0.33429,                 1.2292,                 1.4928,                0.61343,                0.85988,               0.001769,               0.001769,               0.001769
                     37,                  1.324,                 1.6198,                0.65151,                0.86721,                0.85323,                0.87101,                0.92501,                0.56314,                0.75003,                0.74216,                0.79313,                0.32845,                 1.2346,                 1.5592,                 0.6277,                0.85852,              0.0017624,              0.0017624,              0.0017624
                     38,                 1.2942,                  1.589,                 0.6521,                0.86515,                0.87066,                0.87953,                0.93401,                0.55063,                0.72337,                0.71522,                0.73414,                0.28776,                 1.2737,                  1.441,                0.63415,                0.86513,              0.0017558,              0.0017558,              0.0017558
                     39,                 1.2951,                 1.5872,                0.64826,                0.86645,                0.87498,                0.86934,                0.93562,                0.58086,                0.76754,                0.74779,                0.77628,                0.33259,                 1.1787,                 1.3666,                0.60877,                 0.8532,              0.0017492,              0.0017492,              0.0017492
                     40,                 1.3187,                 1.5813,                0.63767,                0.86265,                0.83523,                0.91638,                 0.9353,                0.55017,                0.74704,                0.70383,                0.74045,                0.30134,                 1.2647,                 1.4605,                 0.6176,                0.86349,              0.0017426,              0.0017426,              0.0017426
                     41,                 1.2922,                 1.5495,                0.62627,                0.85938,                0.84457,                0.90244,                0.93264,                 0.5699,                 0.7774,                0.73693,                0.80067,                0.34971,                 1.2261,                 1.3972,                0.60479,                0.86005,               0.001736,               0.001736,               0.001736
                     42,                 1.2924,                 1.5366,                0.63396,                0.86214,                 0.8554,                 0.9007,                0.93664,                0.56996,                0.77707,                0.70557,                0.77252,                0.33827,                 1.2207,                 1.3971,                0.61408,                0.85893,              0.0017294,              0.0017294,              0.0017294
                     43,                 1.3263,                 1.5766,                0.63479,                  0.856,                0.87167,                0.84843,                0.91911,                0.53801,                0.73864,                0.66959,                0.73764,                0.27755,                 1.2666,                 1.5147,                0.61826,                0.86474,              0.0017228,              0.0017228,              0.0017228
                     44,                 1.2936,                 1.5677,                0.63746,                0.86369,                0.87235,                 0.8676,                0.92852,                0.55223,                0.77528,                0.69164,                0.75327,                0.30719,                 1.2541,                 1.3683,                0.60606,                0.86142,              0.0017162,              0.0017162,              0.0017162
                     45,                 1.2536,                 1.5249,                0.61499,                0.86009,                 0.8755,                0.84843,                0.92933,                0.55771,                0.75045,                0.72822,                0.77839,                0.30657,                 1.2588,                 1.5048,                0.61596,                0.86391,              0.0017096,              0.0017096,              0.0017096
                     46,                  1.252,                 1.5494,                0.61541,                0.85986,                0.85952,                0.88475,                0.92893,                 0.5438,                0.72846,                0.70035,                0.71638,                0.26957,                 1.2873,                 1.4611,                0.63695,                0.86114,               0.001703,               0.001703,               0.001703
                     47,                 1.3159,                 1.5477,                0.63688,                0.86346,                0.87379,                0.88052,                 0.9307,                0.55777,                 0.8172,                 0.8101,                0.86177,                0.42677,                  1.237,                 1.3409,                0.61703,                0.85868,              0.0016964,              0.0016964,              0.0016964
                     48,                 1.3579,                 1.5828,                0.64736,                0.86722,                0.85648,                0.84146,                0.91706,                0.51605,                0.74695,                 0.6068,                0.70241,                0.24905,                 1.3823,                 1.5075,                0.65098,                0.87453,              0.0016898,              0.0016898,              0.0016898
                     49,                 1.3288,                 1.5525,                0.64049,                0.86194,                0.88019,                 0.8959,                0.92699,                0.56848,                 0.7875,                0.78768,                0.82324,                0.39827,                 1.2131,                 1.3625,                0.60201,                0.85719,              0.0016832,              0.0016832,              0.0016832
                     50,                  1.277,                 1.5066,                0.62817,                0.86614,                0.85286,                0.88866,                0.92738,                0.54858,                0.75823,                0.73693,                0.77247,                0.30508,                  1.251,                 1.4503,                0.61016,                0.86275,              0.0016766,              0.0016766,              0.0016766
                     51,                 1.2822,                 1.4968,                0.62174,                0.85691,                0.87442,                0.87805,                  0.931,                0.58022,                0.78682,                0.73946,                0.77839,                 0.3452,                 1.1522,                 1.3685,                0.59927,                0.84983,                0.00167,                0.00167,                0.00167
                     52,                 1.2554,                 1.5135,                0.60882,                0.85473,                0.87774,                0.89024,                0.93629,                0.57183,                0.82339,                0.72288,                0.79824,                0.33929,                 1.1998,                 1.4668,                0.59812,                0.85857,              0.0016634,              0.0016634,              0.0016634
                     53,                 1.2333,                 1.5039,                0.60312,                0.85719,                 0.8687,                0.85714,                0.91711,                0.54579,                0.75384,                0.67422,                  0.722,                0.28234,                 1.2468,                 1.4424,                0.60388,                0.86159,              0.0016568,              0.0016568,              0.0016568
                     54,                   1.26,                 1.5421,                0.61213,                0.85821,                0.90207,                0.86934,                0.92982,                0.57639,                0.79477,                0.75784,                0.78109,                0.34229,                 1.1652,                 1.3837,                0.58928,                0.85425,              0.0016502,              0.0016502,              0.0016502
                     55,                 1.2748,                 1.5131,                0.60772,                0.85023,                0.85537,                0.83624,                0.91858,                 0.5369,                0.69826,                0.66202,                0.69855,                0.26091,                 1.2969,                 1.6744,                0.61967,                 0.8679,              0.0016436,              0.0016436,              0.0016436
                     56,                 1.2568,                 1.5408,                0.60962,                0.86056,                0.86198,                0.86934,                0.92474,                0.55772,                0.74578,                0.70383,                 0.7636,                0.30351,                  1.239,                 1.5325,                0.60155,                0.86289,               0.001637,               0.001637,               0.001637
                     57,                 1.2483,                  1.551,                0.60205,                0.85859,                  0.875,                0.89895,                0.93819,                0.58463,                 0.7706,                 0.7439,                0.77946,                0.33158,                 1.1563,                  1.379,                0.57996,                  0.853,              0.0016304,              0.0016304,              0.0016304
                     58,                 1.2405,                 1.4863,                0.60004,                 0.8547,                0.86118,                0.90767,                0.93509,                0.56347,                0.72133,                0.72648,                0.73729,                0.27953,                 1.2096,                 1.4615,                0.59763,                0.85812,              0.0016238,              0.0016238,              0.0016238
                     59,                 1.2058,                 1.4516,                0.59092,                0.85377,                0.89111,                0.88676,                0.94232,                 0.5923,                0.75381,                 0.7561,                0.77489,                0.33474,                  1.145,                  1.448,                0.57054,                0.85098,              0.0016172,              0.0016172,              0.0016172
                     60,                  1.214,                 1.4606,                  0.591,                0.85367,                0.88635,                0.89373,                0.93678,                0.59495,                0.76666,                0.75556,                0.78599,                0.34548,                 1.1436,                   1.38,                0.57425,                0.85033,              0.0016106,              0.0016106,              0.0016106
                     61,                  1.212,                 1.4774,                0.59078,                0.85531,                 0.8749,                0.90162,                0.93556,                0.58005,                0.75145,                0.76829,                0.78788,                0.33303,                   1.19,                 1.4215,                0.60474,                0.85264,               0.001604,               0.001604,               0.001604
                     62,                 1.1994,                 1.4714,                0.58918,                0.85265,                0.87757,                0.86934,                 0.9281,                0.57492,                0.77309,                0.70906,                0.75453,                0.31172,                 1.1857,                  1.444,                0.58139,                0.85625,              0.0015974,              0.0015974,              0.0015974
                     63,                 1.2434,                 1.4651,                0.59493,                0.84631,                0.87339,                0.85326,                0.92264,                0.55926,                0.75175,                0.69512,                0.74735,                0.31203,                 1.2244,                 1.5064,                0.58702,                0.86448,              0.0015908,              0.0015908,              0.0015908
                     64,                 1.2148,                 1.4754,                0.58589,                0.85228,                0.88613,                 0.8677,                0.93073,                0.57062,                0.76946,                0.71429,                0.75705,                0.31596,                 1.2013,                 1.3933,                0.59494,                0.86007,              0.0015842,              0.0015842,              0.0015842
                     65,                 1.2279,                 1.5052,                0.59126,                0.85428,                0.89743,                0.86884,                0.92951,                 0.5696,                0.75279,                0.72648,                0.77171,                0.32327,                 1.2261,                 1.4567,                 0.5882,                0.86357,              0.0015776,              0.0015776,              0.0015776
                     66,                  1.205,                 1.4729,                 0.5801,                0.84618,                0.90214,                0.86726,                 0.9388,                0.59036,                0.81124,                0.74123,                0.81347,                0.36744,                 1.1496,                 1.4256,                0.57707,                0.85215,               0.001571,               0.001571,               0.001571
                     67,                 1.2278,                 1.5323,                0.59636,                0.85671,                0.89502,                0.84843,                0.92954,                0.55984,                0.76162,                0.70135,                0.76356,                0.31325,                 1.2814,                 1.4565,                0.59538,                0.86351,              0.0015644,              0.0015644,              0.0015644
                     68,                 1.2197,                 1.4948,                0.59044,                0.85114,                0.88117,                0.87805,                  0.928,                0.57453,                0.78828,                 0.7561,                0.81348,                0.36805,                 1.1922,                 1.3619,                0.58751,                0.85599,              0.0015578,              0.0015578,              0.0015578
                     69,                 1.2116,                 1.4842,                0.58696,                0.85287,                0.90743,                0.85192,                0.92758,                0.58867,                0.82314,                0.75958,                0.81496,                0.36114,                 1.1618,                 1.4122,                0.57369,                0.85646,              0.0015512,              0.0015512,              0.0015512
                     70,                 1.1991,                 1.4798,                0.57845,                0.84853,                0.84159,                0.90706,                0.93088,                0.55993,                 0.7688,                0.70906,                 0.7439,                0.29462,                 1.2254,                    1.7,                0.59286,                0.85856,              0.0015446,              0.0015446,              0.0015446
                     71,                 1.1926,                  1.469,                0.58028,                0.85188,                0.84858,                 0.9007,                0.92735,                0.58572,                0.80846,                0.73868,                0.80352,                0.34417,                 1.1629,                 1.3888,                0.58302,                0.85499,               0.001538,               0.001538,               0.001538
                     72,                 1.2386,                 1.5376,                0.58678,                0.85173,                0.88386,                0.86237,                0.92899,                0.57972,                0.78118,                0.73391,                 0.7917,                0.36768,                 1.1656,                 1.3964,                 0.5747,                0.85175,              0.0015314,              0.0015314,              0.0015314
                     73,                 1.2159,                  1.484,                 0.5868,                 0.8493,                0.87617,                0.87979,                0.93153,                0.56065,                0.74491,                0.72243,                0.76263,                0.31467,                 1.2631,                 1.6313,                0.58074,                0.86789,              0.0015248,              0.0015248,              0.0015248
                     74,                 1.2211,                 1.4804,                0.58294,                0.85002,                0.88695,                0.90207,                0.93906,                0.59935,                0.76543,                0.75261,                0.78468,                0.34162,                 1.1506,                 1.4272,                0.56249,                0.85372,              0.0015182,              0.0015182,              0.0015182
                     75,                 1.1686,                 1.4309,                0.56399,                0.84809,                 0.9105,                0.86844,                0.93709,                0.57617,                0.77017,                0.72125,                0.75798,                0.29786,                  1.216,                 1.3959,                0.56949,                0.86344,              0.0015116,              0.0015116,              0.0015116
                     76,                 1.1817,                 1.4221,                0.56663,                0.84763,                0.89969,                 0.8554,                0.93393,                0.57477,                0.79346,                0.73519,                0.78401,                0.32247,                 1.1715,                 1.4705,                0.59238,                0.85634,               0.001505,               0.001505,               0.001505
                     77,                 1.1981,                 1.4434,                  0.579,                 0.8461,                0.87647,                 0.8885,                0.93841,                0.56547,                0.76148,                0.72306,                0.76721,                0.33252,                 1.2225,                 1.4633,                0.58788,                0.86071,              0.0014984,              0.0014984,              0.0014984
                     78,                 1.1946,                 1.4433,                0.57103,                0.84767,                0.87737,                0.90767,                0.94159,                0.58418,                0.75842,                0.77117,                0.78122,                0.32959,                 1.1715,                 1.3853,                 0.5742,                0.85243,              0.0014918,              0.0014918,              0.0014918
                     79,                 1.1942,                  1.444,                0.57416,                0.85022,                0.85757,                0.91986,                0.94097,                 0.5839,                0.79173,                0.71527,                0.79089,                0.33521,                  1.201,                 1.4027,                0.56963,                0.85546,              0.0014852,              0.0014852,              0.0014852
                     80,                 1.1744,                 1.4383,                0.56382,                0.84513,                0.88595,                0.87979,                0.93726,                0.58771,                0.76818,                0.70383,                0.76857,                0.32148,                 1.1668,                 1.5664,                0.56081,                0.85266,              0.0014786,              0.0014786,              0.0014786
                     81,                 1.1732,                 1.4708,                0.56287,                0.84772,                0.86455,                0.86934,                0.92992,                0.54954,                0.76158,                0.66202,                0.72118,                0.28246,                 1.2804,                 1.6927,                0.58491,                0.86168,               0.001472,               0.001472,               0.001472
                     82,                 1.2579,                 1.5118,                0.59299,                0.84932,                0.86025,                0.91638,                0.93869,                0.58325,                0.79336,                0.72906,                0.79341,                0.32639,                  1.189,                 1.3573,                0.56987,                0.85391,              0.0014654,              0.0014654,              0.0014654
                     83,                 1.2258,                 1.4811,                0.58426,                0.85003,                0.85941,                0.88391,                 0.9343,                0.55972,                0.73279,                0.69753,                0.74457,                0.30717,                 1.2369,                 1.4608,                0.57089,                 0.8609,              0.0014588,              0.0014588,              0.0014588
                     84,                 1.1703,                 1.4122,                0.56764,                0.84294,                0.84879,                0.89968,                0.93443,                0.58376,                0.74331,                0.71637,                0.75744,                0.30075,                 1.2024,                 1.3832,                0.57019,                0.85898,              0.0014522,              0.0014522,              0.0014522
                     85,                 1.2263,                 1.4296,                0.58506,                0.84767,                0.88146,                0.86585,                0.93644,                0.57619,                0.75889,                0.70209,                0.75887,                0.30637,                 1.2099,                  1.367,                0.57859,                0.85716,              0.0014456,              0.0014456,              0.0014456
                     86,                 1.2142,                 1.4158,                0.58054,                0.84638,                0.89521,                 0.8885,                0.94403,                0.59021,                0.80565,                0.75831,                0.82104,                0.37226,                 1.1596,                 1.3913,                0.56093,                0.85031,               0.001439,               0.001439,               0.001439
                     87,                 1.2059,                  1.416,                0.56394,                0.84409,                0.86196,                0.90289,                0.94124,                0.58456,                0.77351,                0.70383,                0.77084,                0.31416,                 1.1941,                 1.3776,                0.56751,                0.85509,              0.0014324,              0.0014324,              0.0014324
                     88,                 1.1271,                 1.3662,                0.54662,                0.83964,                0.89269,                0.88328,                0.94515,                0.59366,                0.77824,                0.72474,                0.78966,                0.34674,                 1.1575,                 1.4089,                0.56243,                0.85292,              0.0014258,              0.0014258,              0.0014258
                     89,                 1.1447,                 1.3845,                0.54875,                0.83937,                0.87143,                0.89744,                0.93763,                0.59149,                 0.7964,                0.70732,                0.78323,                0.34419,                 1.1441,                 1.5037,                0.56817,                0.85003,              0.0014192,              0.0014192,              0.0014192
                     90,                 1.1394,                 1.3886,                0.55418,                0.84579,                0.87863,                0.89543,                0.94084,                0.58122,                0.78327,                0.73693,                0.78934,                0.35054,                 1.2086,                 1.5089,                0.56174,                0.85985,              0.0014126,              0.0014126,              0.0014126
                     91,                 1.1584,                  1.407,                0.55736,                0.84784,                0.90196,                0.86546,                0.93757,                0.59092,                0.78413,                0.72776,                0.78702,                0.33715,                 1.1751,                 1.3598,                0.57287,                0.85801,               0.001406,               0.001406,               0.001406
                     92,                 1.2277,                 1.4684,                0.59509,                 0.8438,                0.88262,                0.89024,                0.93731,                0.60242,                0.76604,                0.75295,                0.78574,                0.36086,                 1.1328,                 1.3364,                0.55498,                0.85427,              0.0013994,              0.0013994,              0.0013994
                     93,                 1.1425,                 1.3934,                0.55733,                0.84682,                0.87777,                0.90078,                0.93696,                0.59161,                 0.7877,                0.75087,                0.79882,                0.34914,                 1.1502,                 1.4131,                 0.5569,                0.85389,              0.0013928,              0.0013928,              0.0013928
                     94,                 1.1347,                 1.3752,                0.54853,                0.84553,                0.87867,                0.89024,                0.92873,                0.59711,                0.79752,                0.75087,                 0.8074,                0.37736,                 1.1264,                 1.3732,                0.56915,                0.84874,              0.0013862,              0.0013862,              0.0013862
                     95,                 1.1071,                 1.3587,                0.53522,                0.83844,                0.91203,                0.86585,                0.94379,                0.60038,                0.79829,                0.71705,                0.78071,                0.32616,                 1.1495,                 1.4185,                 0.5577,                0.85409,              0.0013796,              0.0013796,              0.0013796
                     96,                 1.1056,                 1.3507,                0.53941,                0.84061,                0.87197,                0.90173,                0.94539,                0.58995,                0.75744,                0.71951,                0.74791,                0.29742,                 1.2076,                 1.4241,                0.56554,                 0.8606,               0.001373,               0.001373,               0.001373
                     97,                 1.1382,                  1.383,                 0.5469,                0.83829,                0.88371,                0.88328,                0.93488,                0.59684,                0.76928,                0.76829,                0.80981,                0.33972,                 1.1544,                 1.3435,                0.56611,                0.85387,              0.0013664,              0.0013664,              0.0013664
                     98,                 1.1306,                 1.3858,                0.55018,                0.84007,                0.87547,                0.92334,                0.95137,                0.58922,                0.78058,                0.70034,                0.77716,                0.31493,                 1.2125,                 1.3429,                0.56485,                0.85845,              0.0013598,              0.0013598,              0.0013598
                     99,                 1.1267,                 1.3528,                0.54843,                0.83768,                0.88428,                0.87863,                0.93455,                0.59875,                 0.8155,                0.78542,                0.85198,                0.40108,                 1.1464,                 1.3419,                0.55607,                0.85173,              0.0013532,              0.0013532,              0.0013532
                    100,                  1.182,                 1.3904,                0.55924,                0.84033,                 0.8865,                0.85724,                0.92976,                0.58993,                0.78123,                0.70557,                0.77286,                0.30911,                  1.193,                  1.346,                0.57207,                0.85404,              0.0013466,              0.0013466,              0.0013466
                    101,                 1.1392,                 1.3648,                0.54432,                0.83856,                0.89153,                0.87805,                0.94012,                0.60231,                0.81203,                0.75087,                0.82516,                0.33998,                 1.1487,                 1.3833,                0.56055,                0.85156,                0.00134,                0.00134,                0.00134
                    102,                  1.152,                 1.3761,                0.54647,                0.83936,                0.90228,                0.88328,                0.94002,                0.61469,                0.79518,                0.77352,                0.82189,                0.38052,                 1.1113,                 1.3915,                0.54454,                0.84854,              0.0013334,              0.0013334,              0.0013334
                    103,                 1.1578,                 1.3808,                0.54801,                0.84093,                0.89306,                0.87282,                0.94456,                0.60257,                0.80568,                0.72125,                 0.7912,                0.33219,                 1.1456,                 1.3856,                0.55946,                0.84861,              0.0013268,              0.0013268,              0.0013268
                    104,                 1.1185,                 1.3723,                 0.5408,                0.83971,                0.87974,                0.89208,                  0.943,                0.59924,                0.77633,                0.70142,                0.76184,                0.32128,                 1.1624,                 1.5709,                0.54021,                0.85327,              0.0013202,              0.0013202,              0.0013202
                    105,                 1.1319,                 1.3863,                 0.5372,                0.83599,                0.89068,                0.87456,                0.93889,                0.58867,                0.74841,                0.73519,                0.77021,                0.32335,                 1.1876,                 1.3739,                0.56919,                0.85537,              0.0013136,              0.0013136,              0.0013136
                    106,                 1.1365,                 1.3688,                0.54135,                0.84046,                0.89958,                0.88954,                0.93835,                0.60008,                0.80637,                0.74005,                0.81541,                0.35868,                 1.1627,                 1.3774,                0.55702,                0.85895,               0.001307,               0.001307,               0.001307
                    107,                 1.1173,                 1.3598,                0.53444,                0.84005,                 0.8729,                0.89734,                0.94408,                0.60578,                0.79523,                0.73171,                0.80206,                0.34659,                 1.1445,                 1.4175,                0.55063,                0.85592,              0.0013004,              0.0013004,              0.0013004
                    108,                 1.1392,                 1.3566,                0.53827,                0.83486,                0.85235,                0.90511,                0.93885,                0.57847,                 0.7087,                0.70358,                0.74154,                0.29599,                 1.2342,                 1.4943,                0.56267,                0.86017,              0.0012938,              0.0012938,              0.0012938
                    109,                 1.1111,                 1.3428,                0.53448,                  0.837,                0.87869,                0.92116,                0.94603,                0.61476,                0.80417,                0.78696,                0.83308,                 0.3499,                 1.1255,                 1.3411,                0.54294,                0.85346,              0.0012872,              0.0012872,              0.0012872
                    110,                 1.1524,                  1.407,                0.54691,                0.83845,                0.90204,                0.89841,                0.94056,                0.60884,                 0.7984,                0.77965,                0.81279,                0.35361,                 1.1267,                 1.3573,                 0.5487,                0.85581,              0.0012806,              0.0012806,              0.0012806
                    111,                 1.1266,                 1.3511,                0.52969,                0.83846,                0.89877,                0.89547,                 0.9457,                0.58775,                0.76245,                0.73811,                0.76563,                0.30021,                 1.1649,                 1.6012,                0.54812,                0.85429,               0.001274,               0.001274,               0.001274
                    112,                 1.1354,                 1.3751,                0.54002,                0.83661,                0.89652,                0.89547,                0.94037,                0.60652,                0.81246,                0.76655,                0.81743,                0.36247,                 1.1108,                 1.3476,                0.54947,                0.85127,              0.0012674,              0.0012674,              0.0012674
                    113,                 1.1261,                 1.3472,                0.53735,                0.83992,                0.90287,                 0.8907,                0.94593,                0.60314,                0.76794,                0.75958,                0.79877,                0.33664,                 1.1636,                 1.3353,                0.54337,                0.85576,              0.0012608,              0.0012608,              0.0012608
                    114,                 1.1312,                 1.3389,                0.53123,                0.83145,                0.87157,                0.89855,                 0.9425,                0.58837,                0.79223,                0.68815,                 0.7729,                0.30512,                 1.2252,                 1.3866,                0.55922,                0.86344,              0.0012542,              0.0012542,              0.0012542
                    115,                 1.0745,                 1.2865,                0.51569,                0.83342,                0.87915,                0.91248,                0.94816,                0.61121,                0.78608,                0.75541,                0.80655,                0.35474,                 1.1192,                 1.3835,                0.53956,                0.84994,              0.0012476,              0.0012476,              0.0012476
                    116,                  1.086,                 1.2987,                0.52195,                0.83002,                0.87258,                0.89721,                0.94057,                0.60355,                 0.7667,                 0.7443,                0.78706,                0.32353,                 1.1556,                 1.3592,                0.55252,                0.85397,               0.001241,               0.001241,               0.001241
                    117,                 1.0828,                 1.3063,                0.51954,                0.83017,                0.89189,                0.89024,                0.94679,                0.60552,                0.78561,                0.74053,                0.79758,                0.33873,                  1.136,                 1.3473,                0.54834,                0.85054,              0.0012344,              0.0012344,              0.0012344
                    118,                 1.1125,                 1.3579,                0.53451,                0.83742,                0.87844,                0.90648,                0.94705,                0.60944,                0.78844,                0.77178,                0.82009,                0.35558,                 1.1205,                 1.3882,                0.54759,                0.85117,              0.0012278,              0.0012278,              0.0012278
                    119,                 1.0839,                 1.3193,                0.52386,                0.83439,                0.89604,                0.87282,                0.93696,                0.59032,                0.78937,                0.69686,                0.77806,                 0.3132,                 1.2073,                 1.3637,                0.56494,                0.85949,              0.0012212,              0.0012212,              0.0012212
                    120,                 1.0677,                 1.3141,                0.51763,                0.83553,                0.90458,                0.89184,                0.94389,                 0.6113,                 0.7866,                0.78223,                0.82593,                0.38941,                 1.1372,                 1.3436,                0.54496,                 0.8544,              0.0012146,              0.0012146,              0.0012146
                    121,                 1.0906,                 1.3233,                0.52219,                0.83024,                0.88486,                0.91045,                0.94274,                0.59807,                0.78417,                0.75087,                0.80825,                 0.3578,                 1.1732,                 1.4376,                0.54413,                0.85594,               0.001208,               0.001208,               0.001208
                    122,                 1.0973,                 1.3184,                0.52213,                0.83467,                0.89097,                0.89547,                0.93795,                0.58251,                0.78237,                0.69686,                0.76348,                0.29677,                 1.2343,                 1.3621,                0.57158,                0.86249,              0.0012014,              0.0012014,              0.0012014
                    123,                 1.1212,                 1.3251,                0.53109,                0.83234,                0.90367,                 0.8885,                0.94093,                0.59224,                  0.769,                 0.7561,                0.78187,                0.32841,                 1.1648,                 1.5303,                0.55412,                0.85553,              0.0011948,              0.0011948,              0.0011948
                    124,                 1.1175,                 1.3632,                0.52656,                0.83169,                0.88585,                0.90581,                0.94148,                0.59519,                0.78814,                0.70209,                0.76296,                0.30582,                 1.1548,                 1.4643,                0.54425,                 0.8576,              0.0011882,              0.0011882,              0.0011882
                    125,                 1.0744,                 1.3077,                0.51385,                0.83113,                0.87732,                0.91638,                0.94186,                0.60709,                0.78774,                0.76655,                0.81847,                0.37345,                 1.1258,                 1.3632,                0.54154,                0.85184,              0.0011816,              0.0011816,              0.0011816
                    126,                 1.0757,                 1.3113,                0.50726,                0.82526,                0.87346,                0.87456,                0.93958,                 0.5926,                0.76729,                 0.6899,                0.76036,                0.30872,                 1.1681,                 1.4345,                0.55422,                0.85567,               0.001175,               0.001175,               0.001175
                    127,                 1.0861,                 1.3178,                0.52085,                0.83103,                0.88312,                0.89199,                  0.944,                0.61021,                0.79065,                0.76321,                0.82146,                0.37897,                 1.1192,                 1.3818,                0.54455,                0.85245,              0.0011684,              0.0011684,              0.0011684
                    128,                 1.0902,                 1.2824,                0.51879,                0.83639,                0.87444,                0.90994,                0.94351,                0.61122,                0.78763,                0.76307,                0.80831,                0.35883,                 1.1244,                  1.343,                0.53986,                0.85622,              0.0011618,              0.0011618,              0.0011618
                    129,                  1.066,                 1.2886,                0.51299,                0.82907,                0.84902,                0.92094,                0.94188,                 0.6011,                0.76944,                0.73868,                0.78575,                0.33358,                 1.1517,                 1.3824,                0.55297,                0.85883,              0.0011552,              0.0011552,              0.0011552
                    130,                  1.027,                 1.2941,                0.50795,                0.83737,                0.88054,                0.90592,                0.94359,                0.61035,                0.78847,                 0.7468,                0.79724,                 0.3448,                 1.1303,                 1.4376,                0.54446,                0.85683,              0.0011486,              0.0011486,              0.0011486
                    131,                 1.0696,                 1.2849,                0.51416,                0.82718,                0.89152,                0.88328,                0.93833,                0.60008,                0.76682,                0.74479,                0.77651,                0.32002,                 1.1496,                 1.4167,                0.56758,                0.86142,               0.001142,               0.001142,               0.001142
                    132,                 1.0692,                 1.3372,                0.50899,                0.82929,                 0.8854,                0.91986,                0.95467,                 0.6072,                0.76655,                0.75509,                0.79321,                0.33725,                 1.1373,                 1.4416,                0.54344,                0.85228,              0.0011354,              0.0011354,              0.0011354
                    133,                 1.0785,                 1.3259,                0.51804,                0.83057,                0.90013,                0.89503,                0.94949,                0.60645,                0.78277,                0.76481,                0.80688,                0.34651,                 1.1526,                 1.4028,                0.55176,                0.85779,              0.0011288,              0.0011288,              0.0011288
                    134,                 1.0948,                 1.3349,                0.51989,                0.83304,                0.90235,                0.90157,                0.95239,                0.60874,                0.77703,                 0.7439,                0.80102,                0.34824,                 1.1615,                 1.4069,                0.53643,                0.85835,              0.0011222,              0.0011222,              0.0011222
                    135,                  1.093,                 1.2952,                 0.5167,                0.83243,                0.88208,                0.90244,                0.94664,                0.59967,                 0.7845,                 0.7439,                0.80437,                0.33288,                 1.2028,                 1.4734,                0.55988,                0.86361,              0.0011156,              0.0011156,              0.0011156
                    136,                 1.0545,                 1.2776,                0.50625,                0.82647,                0.88196,                 0.9112,                0.94532,                0.60522,                0.75638,                0.76655,                0.80305,                0.35066,                 1.1626,                 1.3852,                0.53726,                0.85797,               0.001109,               0.001109,               0.001109
                    137,                   1.07,                  1.309,                0.51425,                0.82941,                0.88635,                 0.9007,                0.94102,                0.60764,                0.75889,                0.76768,                0.79967,                0.34042,                 1.1532,                 1.3179,                0.55686,                0.85634,              0.0011024,              0.0011024,              0.0011024
                    138,                 1.0636,                 1.2928,                0.50729,                0.82825,                 0.8944,                0.91484,                0.94605,                0.61981,                0.77312,                0.77526,                0.81311,                0.36425,                 1.1154,                  1.304,                0.53555,                0.85467,              0.0010958,              0.0010958,              0.0010958
                    139,                 1.0763,                 1.2888,                0.51017,                0.82858,                0.88922,                0.89373,                0.94278,                0.61014,                0.76291,                0.76655,                 0.8033,                0.33347,                 1.1516,                 1.4312,                0.53577,                0.85863,              0.0010892,              0.0010892,              0.0010892
                    140,                 1.0647,                 1.2964,                0.51097,                0.82997,                0.88893,                0.91812,                0.94898,                0.59774,                0.75152,                0.75436,                0.77553,                0.30695,                  1.202,                 1.3632,                0.54445,                0.86222,              0.0010826,              0.0010826,              0.0010826
                    141,                 1.0544,                 1.2753,                0.50386,                0.82607,                0.90097,                0.90343,                0.94005,                0.61413,                0.79165,                0.79791,                0.83452,                0.39001,                 1.1231,                 1.3627,                0.54161,                0.85538,               0.001076,               0.001076,               0.001076
                    142,                 1.0437,                  1.271,                0.49839,                 0.8268,                0.89063,                0.91463,                0.94847,                0.60561,                0.74855,                0.75202,                0.78864,                0.32392,                 1.1667,                 1.3716,                 0.5447,                0.85863,              0.0010694,              0.0010694,              0.0010694
                    143,                 1.0107,                 1.2612,                0.49496,                0.82515,                0.88849,                0.90231,                0.94549,                0.59645,                0.75786,                0.74042,                0.78814,                0.33369,                 1.1916,                 1.4025,                0.54416,                0.86113,              0.0010628,              0.0010628,              0.0010628
                    144,                 1.0498,                 1.2806,                0.49868,                0.82247,                0.88799,                0.91158,                0.94486,                0.61512,                0.77325,                0.75436,                0.79831,                0.34323,                 1.1297,                 1.3488,                0.53834,                0.85558,              0.0010562,              0.0010562,              0.0010562
                    145,                 1.0664,                 1.2658,                0.50594,                0.82453,                0.85284,                0.91875,                0.94125,                0.58956,                0.79035,                0.69338,                0.77592,                0.29964,                 1.1931,                 1.5071,                 0.5537,                0.86242,              0.0010496,              0.0010496,              0.0010496
                    146,                 1.0436,                 1.2476,                0.49898,                0.82301,                 0.8623,                0.91812,                0.93497,                0.60779,                0.75132,                0.77178,                0.79687,                0.34051,                 1.1525,                 1.4242,                0.54048,                0.85796,               0.001043,               0.001043,               0.001043
                    147,                   1.06,                 1.2877,                0.51251,                0.83252,                0.88682,                0.90592,                0.93862,                0.61771,                0.74943,                0.77352,                0.80395,                0.35106,                 1.1109,                 1.3506,                0.53982,                0.85571,              0.0010364,              0.0010364,              0.0010364
                    148,                 1.0216,                 1.2571,                0.49177,                0.82274,                0.88449,                0.90767,                0.94304,                0.61109,                0.76782,                0.77178,                0.80241,                0.34571,                 1.1341,                 1.3913,                0.53262,                0.85654,              0.0010298,              0.0010298,              0.0010298
                    149,                 1.0386,                 1.2632,                 0.5019,                0.83057,                0.89205,                0.90699,                0.94637,                0.61614,                0.76715,                0.74739,                0.78803,                0.33312,                  1.124,                 1.4147,                0.53087,                0.85313,              0.0010232,              0.0010232,              0.0010232
                    150,                 1.0236,                 1.2485,                0.49477,                0.82272,                0.88111,                0.91671,                 0.9505,                0.60516,                0.75985,                 0.7561,                0.80178,                0.33437,                 1.1802,                 1.4406,                0.53653,                0.85864,              0.0010166,              0.0010166,              0.0010166
                    151,                 1.0125,                 1.2307,                0.48982,                0.82142,                 0.8784,                0.91865,                  0.948,                0.60992,                0.75077,                0.74913,                0.77871,                0.33347,                 1.1558,                  1.352,                0.54087,                0.85572,                0.00101,                0.00101,                0.00101
                    152,                 1.0284,                 1.2412,                0.49564,                0.82586,                0.89535,                0.90418,                 0.9421,                0.61861,                0.77269,                 0.7561,                0.79586,                0.34757,                 1.1237,                  1.376,                0.53703,                0.85249,              0.0010034,              0.0010034,              0.0010034
                    153,                 1.0265,                 1.2418,                0.49174,                0.82169,                0.88151,                0.91812,                 0.9464,                0.60876,                 0.7766,                0.76307,                0.80965,                0.35234,                 1.1529,                 1.4221,                0.54206,                0.85813,              0.0009968,              0.0009968,              0.0009968
                    154,                 1.0744,                 1.3109,                0.51063,                0.82929,                0.88259,                0.90366,                0.93823,                0.60877,                0.77632,                0.74913,                  0.795,                0.34466,                 1.1559,                  1.392,                0.54465,                0.85609,              0.0009902,              0.0009902,              0.0009902
                    155,                   1.01,                 1.2575,                0.48901,                0.82499,                0.88455,                0.90767,                0.94182,                0.62112,                0.76362,                0.78231,                0.81203,                0.34961,                 1.1321,                 1.4685,                 0.5364,                 0.8521,              0.0009836,              0.0009836,              0.0009836
                    156,                  1.006,                 1.2418,                0.48938,                0.82368,                0.87639,                0.90166,                0.93689,                0.60198,                0.73476,                0.74042,                0.77557,                0.33554,                 1.1778,                 1.4009,                0.53138,                0.85945,               0.000977,               0.000977,               0.000977
                    157,                 1.0251,                  1.284,                0.49593,                0.82526,                 0.8936,                0.89024,                0.94354,                0.62107,                0.79738,                0.74042,                0.81806,                0.33757,                 1.1176,                 1.3343,                0.53004,                0.85337,              0.0009704,              0.0009704,              0.0009704
                    158,                 1.0473,                 1.2878,                 0.5054,                 0.8282,                0.88773,                0.89543,                0.94331,                0.61835,                0.74221,                0.75261,                0.78913,                0.33522,                 1.1448,                 1.4266,                0.52412,                0.85729,              0.0009638,              0.0009638,              0.0009638
                    159,                 1.0458,                 1.2907,                0.49753,                0.82824,                0.88344,                 0.9111,                0.94589,                0.61692,                0.80892,                 0.7108,                0.80031,                0.33383,                 1.1183,                 1.3516,                0.53544,                0.85563,              0.0009572,              0.0009572,              0.0009572
                    160,                 1.0077,                 1.2628,                0.49047,                0.82156,                0.87373,                0.90413,                0.93648,                0.60986,                0.81944,                 0.7116,                0.80688,                0.35033,                 1.1399,                 1.4205,                0.53027,                 0.8573,              0.0009506,              0.0009506,              0.0009506
                    161,                 1.0224,                 1.2415,                0.49064,                0.82177,                0.87636,                0.91463,                0.94133,                0.61831,                0.77583,                0.77177,                0.81849,                0.36662,                 1.1274,                 1.4042,                0.52309,                0.85514,               0.000944,               0.000944,               0.000944
                    162,                 1.0176,                 1.2355,                0.48891,                0.82233,                 0.8767,                0.89895,                0.93945,                0.60415,                0.77965,                0.71951,                  0.791,                0.32998,                 1.1795,                 1.3806,                0.53078,                0.86288,              0.0009374,              0.0009374,              0.0009374
                    163,                 1.0171,                  1.222,                0.48745,                0.82014,                0.88637,                0.90941,                0.93923,                0.61702,                0.77988,                0.78391,                 0.8284,                0.38034,                 1.1231,                 1.3486,                0.53336,                 0.8545,              0.0009308,              0.0009308,              0.0009308
                    164,                 1.0295,                 1.2166,                0.48731,                0.82038,                0.84183,                0.90418,                 0.9296,                0.59232,                 0.7275,                 0.7209,                0.75983,                0.30667,                 1.2031,                 1.3924,                 0.5425,                 0.8653,              0.0009242,              0.0009242,              0.0009242
                    165,                0.99765,                 1.2188,                0.48251,                0.82329,                0.88232,                0.91115,                0.94255,                 0.6117,                0.74669,                0.80626,                0.82008,                0.37071,                 1.1283,                 1.3629,                0.53433,                 0.8524,              0.0009176,              0.0009176,              0.0009176
                    166,                0.98974,                 1.2172,                0.47817,                0.82099,                0.86654,                0.92857,                0.93914,                0.61713,                0.73369,                 0.7892,                 0.8003,                0.35012,                 1.1268,                 1.3818,                 0.5264,                0.85414,               0.000911,               0.000911,               0.000911
                    167,                0.97999,                 1.2124,                0.48061,                0.82136,                0.86949,                0.91691,                0.94479,                0.61808,                0.73561,                0.77554,                0.78732,                0.32284,                 1.1324,                 1.3616,                0.52499,                0.85226,              0.0009044,              0.0009044,              0.0009044
                    168,                 1.0061,                 1.2164,                0.48531,                0.82345,                 0.8848,                0.90418,                0.93717,                0.61355,                0.75032,                0.77352,                0.79152,                0.34501,                 1.1285,                 1.3873,                0.52086,                0.85474,              0.0008978,              0.0008978,              0.0008978
                    169,                0.99225,                 1.2467,                0.48135,                0.82288,                0.87824,                 0.9173,                0.93944,                 0.6065,                0.81042,                0.70753,                 0.7933,                0.32888,                 1.1427,                 1.3887,                0.52411,                0.85766,              0.0008912,              0.0008912,              0.0008912
                    170,                 1.0082,                  1.243,                0.48206,                0.82059,                0.88619,                0.90887,                0.93744,                0.62521,                0.77984,                 0.7892,                0.83431,                0.37603,                 1.1004,                 1.3305,                0.51394,                0.85235,              0.0008846,              0.0008846,              0.0008846
                    171,                0.99944,                 1.2321,                0.47983,                0.82306,                0.87315,                0.90941,                0.93414,                0.60606,                0.74254,                0.76374,                 0.7954,                0.33098,                 1.1718,                 1.3493,                0.52889,                0.85734,               0.000878,               0.000878,               0.000878
                    172,                0.99877,                 1.2123,                0.47613,                0.82217,                0.89305,                0.90592,                0.94209,                0.62099,                0.78277,                  0.791,                0.81802,                 0.3654,                 1.1188,                 1.3911,                0.53071,                0.85227,              0.0008714,              0.0008714,              0.0008714
                    173,                 1.0305,                 1.2513,                0.48975,                0.82172,                0.89067,                0.90244,                 0.9412,                0.60784,                 0.8302,                0.70035,                0.78925,                0.33493,                 1.1657,                 1.4733,                0.52414,                0.85829,              0.0008648,              0.0008648,              0.0008648
                    174,                 1.0212,                 1.2441,                 0.4831,                0.82353,                0.89854,                 0.9007,                0.93909,                0.62022,                0.78975,                0.78746,                0.83093,                0.36957,                 1.1174,                 1.3383,                0.52671,                0.85578,              0.0008582,              0.0008582,              0.0008582
                    175,                 1.0103,                  1.261,                0.48366,                0.82653,                0.88654,                0.91203,                0.94117,                0.61975,                0.77579,                0.76556,                0.81249,                0.33995,                 1.1309,                 1.3532,                0.52851,                0.86171,              0.0008516,              0.0008516,              0.0008516
                    176,                  1.012,                 1.2595,                0.48345,                0.82153,                0.89008,                0.90418,                0.94143,                0.58555,                0.74226,                0.75261,                0.77443,                 0.3119,                 1.2239,                 1.4248,                0.53537,                0.86556,               0.000845,               0.000845,               0.000845
                    177,                 1.0207,                 1.3053,                0.48734,                0.82648,                 0.8768,                0.91638,                0.93926,                0.61218,                0.75511,                 0.7892,                0.81718,                0.33959,                 1.1333,                 1.3183,                0.52255,                0.86218,              0.0008384,              0.0008384,              0.0008384
                    178,                 1.0096,                 1.2454,                0.48078,                 0.8173,                0.87527,                0.90592,                0.93352,                0.61379,                0.74517,                0.77178,                0.79445,                0.34048,                 1.1327,                 1.4147,                0.51756,                0.86125,              0.0008318,              0.0008318,              0.0008318
                    179,                0.99552,                 1.2474,                0.47597,                0.81894,                0.90343,                 0.9007,                0.94253,                0.61296,                0.76887,                0.76655,                  0.805,                0.33782,                 1.1435,                  1.344,                0.52564,                0.86045,              0.0008252,              0.0008252,              0.0008252
                    180,                0.95913,                 1.1973,                0.46733,                0.81976,                0.87784,                0.89895,                0.93387,                0.59808,                0.72979,                0.75283,                0.78099,                0.33158,                 1.1709,                 1.4192,                0.52361,                0.86043,              0.0008186,              0.0008186,              0.0008186
                    181,                0.98294,                 1.2014,                0.46758,                0.81661,                0.88954,                0.91192,                0.94248,                0.62081,                 0.7606,                0.78044,                0.82025,                0.35809,                 1.1127,                 1.3364,                0.51859,                0.85538,               0.000812,               0.000812,               0.000812
                    182,                0.97389,                 1.1856,                0.46777,                0.81634,                0.87517,                0.90386,                0.92956,                0.61413,                  0.753,                0.76655,                0.80315,                0.33806,                  1.121,                 1.4211,                0.51311,                0.85805,              0.0008054,              0.0008054,              0.0008054
                    183,                0.97926,                 1.1906,                0.46733,                0.81787,                0.87459,                0.90941,                0.93385,                0.61633,                 0.7572,                0.75784,                0.80991,                0.34291,                 1.1158,                 1.3573,                 0.5227,                0.85645,              0.0007988,              0.0007988,              0.0007988
                    184,                0.95878,                 1.1563,                0.46105,                0.81428,                0.87813,                 0.9216,                 0.9405,                0.62634,                0.76993,                0.77526,                0.81622,                0.34673,                 1.1002,                 1.3628,                0.50652,                0.85479,              0.0007922,              0.0007922,              0.0007922
                    185,                0.94118,                 1.1668,                0.45822,                0.81705,                0.87775,                0.91115,                 0.9426,                0.61323,                0.80533,                0.70035,                0.78984,                0.33018,                 1.1449,                 1.4031,                0.51295,                 0.8625,              0.0007856,              0.0007856,              0.0007856
                    186,                0.97705,                 1.2045,                0.46664,                0.81681,                0.88649,                0.90941,                0.94286,                0.61696,                0.74648,                0.76655,                0.79549,                  0.334,                 1.1228,                 1.4235,                 0.5165,                 0.8552,               0.000779,               0.000779,               0.000779
                    187,                0.96636,                 1.2045,                 0.4681,                0.81642,                 0.8771,                0.92334,                0.94195,                0.60811,                0.81295,                0.69338,                0.77677,                0.31907,                 1.1548,                 1.4421,                0.51934,                0.85745,              0.0007724,              0.0007724,              0.0007724
                    188,                 0.9551,                 1.1816,                0.46952,                0.81712,                0.89146,                0.90147,                0.93546,                0.61682,                0.78335,                0.76851,                0.81707,                0.34767,                   1.11,                 1.3568,                0.51218,                0.85703,              0.0007658,              0.0007658,              0.0007658
                    189,                0.96076,                 1.1768,                  0.463,                0.81408,                0.88757,                0.90418,                0.93882,                0.60898,                0.80557,                0.68641,                0.76631,                0.32711,                  1.148,                  1.402,                0.52112,                0.85877,              0.0007592,              0.0007592,              0.0007592
                    190,                 0.9782,                 1.1931,                0.47549,                0.81676,                0.90257,                0.88765,                0.94101,                0.61546,                0.81782,                0.70385,                0.80004,                0.34033,                 1.1395,                 1.4243,                0.52623,                0.86364,              0.0007526,              0.0007526,              0.0007526
                    191,                0.96993,                 1.1911,                0.46766,                0.81295,                0.86393,                0.92683,                0.94094,                0.61625,                 0.8197,                0.70557,                0.79693,                0.33714,                 1.1398,                 1.4047,                0.52599,                0.86493,               0.000746,               0.000746,               0.000746
                    192,                 0.9474,                 1.1892,                0.46082,                0.81576,                 0.8753,                0.89547,                0.93474,                0.60669,                0.78847,                0.69512,                0.77522,                 0.3188,                 1.1605,                 1.4224,                0.52653,                 0.8669,              0.0007394,              0.0007394,              0.0007394
                    193,                0.97994,                 1.2027,                0.47367,                0.82114,                0.87898,                0.89838,                0.93645,                0.61974,                0.76025,                0.75436,                0.80386,                0.34369,                  1.126,                 1.3838,                0.52699,                0.86133,              0.0007328,              0.0007328,              0.0007328
                    194,                0.96137,                 1.1707,                0.46661,                0.81412,                0.88458,                0.89547,                0.93573,                0.62533,                0.75446,                0.76481,                0.80437,                0.35353,                 1.1171,                  1.331,                0.52735,                0.85841,              0.0007262,              0.0007262,              0.0007262
                    195,                0.97207,                 1.1795,                0.47018,                 0.8185,                0.88875,                0.89076,                0.93619,                0.62382,                0.76264,                0.77352,                 0.8043,                0.35869,                 1.1067,                 1.4064,                 0.5174,                0.85297,              0.0007196,              0.0007196,              0.0007196
                    196,                0.95852,                 1.1752,                0.46664,                0.81545,                0.86781,                0.91986,                0.94361,                 0.6272,                0.77228,                0.77178,                0.80899,                  0.352,                 1.1161,                 1.3997,                0.51491,                0.85519,               0.000713,               0.000713,               0.000713
                    197,                0.95334,                 1.1757,                 0.4657,                0.81685,                0.88691,                0.90173,                0.94252,                0.62875,                0.76388,                0.77213,                0.79247,                0.33287,                 1.1094,                 1.3832,                0.52206,                0.85605,              0.0007064,              0.0007064,              0.0007064
                    198,                0.96382,                 1.2289,                0.47123,                0.82164,                0.87233,                0.92683,                0.94506,                 0.6162,                0.74791,                0.76496,                0.78532,                 0.3394,                 1.1386,                 1.3957,                0.52549,                0.85621,              0.0006998,              0.0006998,              0.0006998
                    199,                0.96792,                 1.1912,                0.47185,                0.81571,                 0.8695,                0.91289,                0.94233,                0.60949,                0.80457,                0.70557,                 0.7896,                0.34352,                 1.1314,                 1.4356,                0.52297,                0.85646,              0.0006932,              0.0006932,              0.0006932
                    200,                0.95291,                 1.1967,                0.46398,                0.81837,                  0.885,                0.89829,                 0.9424,                0.61803,                0.75882,                0.75644,                0.79782,                0.33727,                 1.1268,                 1.3465,                0.52185,                0.85617,              0.0006866,              0.0006866,              0.0006866
                    201,                0.97152,                  1.202,                0.47229,                0.81773,                0.90055,                0.88153,                0.93974,                 0.6128,                0.77647,                0.75436,                0.80346,                0.34014,                 1.1367,                 1.4184,                0.52015,                0.85939,                0.00068,                0.00068,                0.00068
                    202,                 0.9645,                 1.2018,                0.46939,                0.81646,                0.88071,                0.88749,                0.93856,                0.60613,                0.79173,                0.69686,                  0.779,                0.32808,                 1.1621,                 1.4573,                0.52138,                0.85947,              0.0006734,              0.0006734,              0.0006734
                    203,                0.94567,                 1.1705,                  0.462,                0.81825,                0.88568,                0.89077,                 0.9423,                0.60975,                0.75499,                 0.7561,                0.78996,                0.32491,                 1.1581,                 1.4558,                 0.5244,                0.85978,              0.0006668,              0.0006668,              0.0006668
                    204,                0.93574,                 1.1737,                0.45451,                0.81228,                0.90321,                0.89199,                0.94369,                0.62288,                0.75942,                0.77526,                0.80047,                0.34238,                 1.1266,                 1.3572,                0.52317,                0.85762,              0.0006602,              0.0006602,              0.0006602
                    205,                0.95215,                 1.1934,                0.46088,                0.81553,                0.90265,                0.90592,                0.94325,                0.61809,                 0.7673,                0.77526,                0.80676,                0.34249,                 1.1311,                 1.3611,                0.52128,                0.85697,              0.0006536,              0.0006536,              0.0006536
                    206,                0.92113,                 1.1591,                0.45177,                0.81779,                 0.8941,                0.90767,                0.94337,                0.62138,                0.77132,                0.78746,                0.82098,                0.35523,                 1.1216,                 1.3795,                0.52442,                0.85643,               0.000647,               0.000647,               0.000647
                    207,                 0.9189,                 1.1476,                0.45321,                0.81486,                0.89417,                0.89795,                0.93716,                0.61353,                0.75846,                0.76132,                0.79618,                0.33338,                 1.1323,                 1.3701,                0.51474,                0.85843,              0.0006404,              0.0006404,              0.0006404
                    208,                0.91998,                  1.158,                0.45054,                0.81289,                 0.8869,                  0.888,                0.93257,                0.61667,                0.78915,                0.76481,                0.82083,                0.36397,                 1.1087,                 1.3699,                0.52104,                0.85538,              0.0006338,              0.0006338,              0.0006338
                    209,                0.94388,                 1.1613,                 0.4542,                0.81377,                0.90273,                0.88925,                0.93601,                0.61887,                0.78077,                0.76937,                0.81285,                0.35176,                 1.1145,                 1.4082,                0.51497,                0.85713,              0.0006272,              0.0006272,              0.0006272
                    210,                0.92652,                  1.162,                0.45228,                0.81666,                0.87657,                 0.9007,                0.92917,                0.59784,                0.80561,                0.70209,                0.76987,                0.30897,                 1.1731,                 1.4582,                0.52025,                0.86558,              0.0006206,              0.0006206,              0.0006206
                    211,                0.92701,                 1.1439,                0.45335,                 0.8138,                0.88914,                0.90824,                0.93306,                0.61729,                0.77228,                  0.774,                0.80167,                 0.3411,                 1.1266,                 1.4261,                0.50764,                0.86185,               0.000614,               0.000614,               0.000614
                    212,                0.91856,                 1.1521,                0.45071,                0.81237,                0.88107,                0.90592,                0.93729,                0.61538,                0.76663,                0.72112,                0.76539,                0.32096,                 1.1191,                 1.3997,                0.51367,                0.86018,              0.0006074,              0.0006074,              0.0006074
                    213,                0.93758,                 1.1679,                0.45654,                0.81404,                0.90365,                0.87631,                0.93315,                0.61137,                0.73003,                0.76789,                 0.7724,                0.31813,                 1.1296,                 1.4125,                0.51383,                0.86082,              0.0006008,              0.0006008,              0.0006008
                    214,                0.91843,                 1.1621,                0.45029,                0.81096,                0.88562,                 0.9038,                0.93621,                0.61802,                0.78233,                0.72633,                0.78748,                 0.3402,                  1.132,                 1.4352,                0.51181,                0.86106,              0.0005942,              0.0005942,              0.0005942
                    215,                0.93663,                 1.1591,                0.45588,                0.80986,                0.88045,                0.89811,                0.93887,                0.62235,                0.75734,                0.76666,                0.79812,                0.34842,                 1.1102,                 1.3732,                 0.5098,                0.85977,              0.0005876,              0.0005876,              0.0005876
                    216,                0.92981,                 1.1436,                0.44886,                0.81122,                0.87155,                0.90418,                0.93721,                 0.6245,                0.82789,                0.70035,                0.79319,                0.34379,                 1.1091,                 1.4315,                0.51289,                 0.8605,               0.000581,               0.000581,               0.000581
                    217,                0.95483,                 1.1674,                0.45862,                0.81241,                0.88171,                0.90899,                0.93441,                 0.6172,                0.74519,                0.76935,                0.78628,                0.34271,                 1.1223,                 1.3814,                   0.52,                0.86074,              0.0005744,              0.0005744,              0.0005744
                    218,                0.94052,                  1.186,                0.45796,                0.81381,                0.89416,                0.90592,                0.94601,                0.61483,                0.77984,                0.72997,                0.79168,                0.33035,                 1.1435,                 1.4692,                0.51961,                0.86039,              0.0005678,              0.0005678,              0.0005678
                    219,                0.93256,                  1.156,                0.45086,                0.81275,                0.88923,                0.90905,                0.93616,                0.60308,                0.74097,                0.75748,                0.77714,                0.31339,                 1.1737,                  1.431,                0.52263,                0.86039,              0.0005612,              0.0005612,              0.0005612
                    220,                0.91333,                 1.1384,                0.44359,                0.80912,                0.88953,                0.90244,                0.93887,                0.61938,                0.77892,                0.77339,                0.79846,                0.34842,                 1.1197,                 1.4502,                0.51341,                  0.861,              0.0005546,              0.0005546,              0.0005546
                    221,                0.93764,                 1.1823,                0.45549,                0.81188,                0.90123,                0.89019,                 0.9369,                0.61864,                0.76708,                0.75737,                0.80458,                0.34772,                 1.1149,                 1.3908,                0.51081,                0.85975,               0.000548,               0.000548,               0.000548
                    222,                0.91755,                 1.1397,                0.44371,                0.81261,                0.90813,                0.89552,                0.94062,                0.62453,                0.76498,                0.75436,                0.79206,                0.34311,                 1.1132,                 1.3889,                0.50629,                0.86294,              0.0005414,              0.0005414,              0.0005414
                    223,                0.89204,                 1.1244,                0.43833,                0.80876,                0.90291,                0.90244,                0.94251,                0.61862,                0.75048,                0.75087,                0.78552,                0.32428,                 1.1485,                 1.4375,                0.51012,                0.86522,              0.0005348,              0.0005348,              0.0005348
                    224,                0.89022,                 1.1319,                0.44206,                0.81444,                0.88111,                 0.9007,                0.93677,                0.61651,                0.75961,                0.75417,                0.79523,                 0.3455,                 1.1376,                 1.3739,                0.51288,                0.86146,              0.0005282,              0.0005282,              0.0005282
                    225,                0.91563,                 1.1545,                0.44779,                0.81188,                0.90163,                0.89895,                0.94046,                0.62886,                0.77508,                0.77003,                0.81864,                0.35226,                 1.1086,                   1.38,                0.51647,                0.86267,              0.0005216,              0.0005216,              0.0005216
                    226,                0.92744,                 1.1592,                0.45046,                0.81454,                0.89818,                0.90767,                0.94078,                 0.6232,                0.78184,                0.77418,                0.81345,                0.35447,                 1.1059,                 1.3614,                0.50999,                0.85738,               0.000515,               0.000515,               0.000515
                    227,                0.89146,                 1.0976,                0.43796,                0.80932,                0.90285,                0.90665,                0.94323,                0.62498,                0.78558,                0.77233,                0.81774,                0.35938,                 1.0945,                 1.3853,                0.50726,                0.85688,              0.0005084,              0.0005084,              0.0005084
                    228,                0.90828,                 1.1361,                0.44761,                0.81017,                0.89704,                0.91463,                0.94325,                0.62437,                0.77468,                  0.777,                0.81322,                 0.3526,                 1.1025,                 1.4055,                0.50595,                0.85939,              0.0005018,              0.0005018,              0.0005018
                    229,                0.87819,                 1.1033,                0.43423,                0.81002,                0.89126,                0.90767,                  0.938,                0.61896,                0.80577,                0.70383,                0.78896,                 0.3361,                 1.1163,                 1.4101,                0.50473,                0.86024,              0.0004952,              0.0004952,              0.0004952
                    230,                0.90881,                 1.1377,                0.44384,                0.81085,                0.89327,                0.90592,                0.94293,                0.61944,                0.75842,                0.74739,                0.79198,                0.33672,                 1.1142,                 1.4341,                0.50631,                0.86147,              0.0004886,              0.0004886,              0.0004886
                    231,                0.90074,                 1.1398,                0.43956,                 0.8066,                 0.8879,                0.91986,                0.94897,                0.62134,                 0.7598,                0.74913,                0.79488,                0.33453,                 1.1265,                 1.4274,                0.51111,                0.86118,               0.000482,               0.000482,               0.000482
                    232,                0.88086,                 1.1186,                0.43237,                0.80567,                0.88089,                0.91638,                0.94504,                0.61938,                0.77056,                0.73345,                0.80247,                0.33908,                 1.1242,                 1.4151,                0.51018,                0.86099,              0.0004754,              0.0004754,              0.0004754
                    233,                0.88804,                 1.1318,                0.43909,                0.80776,                0.88453,                0.90751,                0.94001,                0.61741,                0.75656,                0.74913,                 0.7909,                0.34158,                 1.1283,                 1.4533,                0.51358,                 0.8634,              0.0004688,              0.0004688,              0.0004688
                    234,                0.90886,                 1.1422,                0.44034,                0.80766,                0.88538,                0.90162,                0.93866,                0.61428,                0.75265,                0.73345,                0.78374,                0.32002,                 1.1416,                 1.4394,                 0.5108,                0.86407,              0.0004622,              0.0004622,              0.0004622
                    235,                0.89892,                 1.1524,                0.44107,                0.80993,                0.89024,                0.90432,                0.94265,                 0.6244,                 0.7723,                0.74564,                0.80118,                0.34988,                 1.1153,                 1.4274,                0.51059,                0.86058,              0.0004556,              0.0004556,              0.0004556
                    236,                0.88635,                 1.1078,                0.43811,                0.80951,                0.88706,                0.90309,                0.94453,                0.61902,                0.75471,                0.74739,                0.79587,                0.33926,                 1.1294,                 1.3933,                0.51884,                0.86145,               0.000449,               0.000449,               0.000449
                    237,                 0.9003,                 1.1297,                0.44222,                0.80884,                0.89335,                0.90477,                0.94075,                0.62184,                0.76491,                0.76525,                0.80947,                0.35319,                 1.1027,                  1.394,                0.51386,                0.85897,              0.0004424,              0.0004424,              0.0004424
                    238,                0.85845,                 1.1047,                0.42768,                0.80647,                0.88665,                0.91306,                0.94197,                0.62821,                0.75974,                0.78227,                0.81204,                0.35982,                 1.1002,                 1.3709,                0.50566,                0.85778,              0.0004358,              0.0004358,              0.0004358
                    239,                 0.8688,                 1.1043,                0.43143,                0.81176,                0.88328,                 0.9097,                0.93949,                0.62264,                 0.7521,                0.77003,                0.79985,                  0.344,                 1.1105,                 1.3941,                0.51058,                0.85691,              0.0004292,              0.0004292,              0.0004292
                    240,                0.89057,                 1.1114,                0.43292,                0.81041,                0.88967,                0.91311,                0.94367,                0.62734,                0.75706,                0.77352,                0.80376,                 0.3491,                 1.1123,                 1.4298,                0.51408,                0.85743,              0.0004226,              0.0004226,              0.0004226
                    241,                0.89127,                 1.1264,                0.44204,                0.81066,                 0.8941,                0.91193,                0.94396,                0.63218,                0.76747,                0.76829,                0.80748,                0.36003,                 1.1077,                  1.381,                0.50573,                  0.861,               0.000416,               0.000416,               0.000416
